,Distance Feature,Speeding Feature
0,71.24,28
1,52.53,25
2,64.54,27
3,55.69,22
4,54.58,25
5,41.91,10
6,58.64,20
7,52.02,8
8,31.25,34
9,44.31,19
10,49.35,40
11,58.07,45
12,44.22,22
13,55.73,19
14,46.63,43
15,52.97,32
16,46.25,35
17,51.55,27
18,57.05,26
19,58.45,30
20,43.42,23
21,55.68,37
22,55.15,18
23,43.84,22
24,59.26,32
25,37.14,41
26,64.3,29
27,45.75,16
28,45.97,23
29,56.04,39
30,33.64,45
31,41.67,33
32,50.68,39
33,54.22,35
34,56.2,29
35,46.16,41
36,50.22,24
37,49.66,33
38,38.61,37
39,55.28,36
40,57.87,41
41,61.69,12
42,37.41,21
43,53.83,32
44,62.98,22
45,46.97,13
46,58.03,24
47,59.87,36
48,81.34,31
49,48.56,26
50,17.66,23
51,46.01,21
52,45.34,26
53,39.64,31
54,51.22,36
55,36.21,31
56,47.32,55
57,54.87,27
58,58.97,6
59,57.3,42
60,59.94,32
61,61.72,25
62,53.19,23
63,35.13,38
64,48.47,20
65,51.17,43
66,42.14,39
67,54.31,35
68,48.93,32
69,53.51,44
70,51.72,24
71,49.86,10
72,49.2,41
73,60.2,39
74,54.06,20
75,72.91,30
76,61.92,40
77,44.2,24
78,60.75,39
79,68.36,37
80,56.39,20
81,38.19,15
82,66.19,27
83,58.2,17
84,47.55,22
85,37.62,16
86,17.81,26
87,31.25,29
88,61.0,41
89,40.98,33
90,53.69,24
91,51.46,9
92,64.57,29
93,53.79,23
94,64.28,34
95,38.41,24
96,58.89,42
97,44.17,33
98,50.41,43
99,63.63,28
100,45.78,24
101,55.61,20
102,67.23,5
103,49.69,38
104,54.6,30
105,40.94,59
106,43.84,36
107,56.36,19
108,69.53,23
109,51.48,19
110,52.93,41
111,55.52,8
112,52.14,23
113,62.86,21
114,37.53,33
115,63.47,25
116,62.11,33
117,43.52,25
118,47.97,27
119,42.27,37
120,56.05,30
121,62.08,37
122,35.25,53
123,39.81,25
124,60.27,33
125,53.41,22
126,56.28,27
127,53.31,25
128,55.24,30
129,44.97,29
130,40.3,43
131,47.18,42
132,46.4,34
133,35.11,15
134,54.33,38
135,54.59,64
136,61.67,50
137,52.39,19
138,52.37,6
139,40.84,25
140,27.42,27
141,44.79,31
142,59.84,37
143,36.0,45
144,47.64,10
145,51.85,37
146,59.73,15
147,42.96,37
148,51.84,27
149,59.62,23
150,58.82,30
151,50.93,30
152,41.35,23
153,24.58,45
154,57.74,22
155,38.14,33
156,51.82,20
157,41.37,17
158,55.01,24
159,64.56,53
160,46.09,35
161,57.81,20
162,46.31,23
163,66.62,37
164,42.89,17
165,40.82,23
166,50.55,41
167,40.43,40
168,53.36,25
169,44.83,27
170,35.87,35
171,46.95,23
172,47.75,20
173,57.12,26
174,38.03,43
175,54.31,45
176,50.29,39
177,33.6,24
178,45.13,44
179,31.68,31
180,72.36,4
181,48.43,55
182,44.48,36
183,56.54,20
184,54.11,50
185,49.51,29
186,50.66,36
187,61.82,23
188,50.45,15
189,67.7,43
190,41.61,12
191,39.63,31
192,36.08,31
193,45.18,27
194,49.33,28
195,48.66,45
196,53.81,25
197,35.57,44
198,48.83,39
199,69.14,40
200,60.75,59
201,52.01,39
202,47.88,45
203,40.3,30
204,48.52,30
205,55.06,37
206,48.45,28
207,58.65,40
208,69.29,21
209,51.7,21
210,69.95,18
211,53.04,37
212,47.97,27
213,64.01,26
214,61.76,23
215,49.98,28
216,81.96,27
217,56.56,25
218,51.69,30
219,54.83,40
220,54.97,39
221,44.07,27
222,45.95,40
223,42.24,22
224,43.52,49
225,51.33,31
226,56.68,55
227,51.06,24
228,41.95,28
229,53.56,27
230,47.86,45
231,43.74,34
232,41.22,39
233,45.82,42
234,44.74,25
235,53.88,30
236,44.4,29
237,59.01,35
238,53.27,19
239,45.62,25
240,53.16,53
241,50.91,51
242,33.53,42
243,46.92,33
244,59.24,35
245,48.37,32
246,50.26,21
247,38.14,30
248,63.42,26
249,57.46,14
250,63.79,33
251,58.13,30
252,56.35,41
253,52.95,3
254,55.65,27
255,29.44,34
256,49.58,39
257,31.3,33
258,43.48,29
259,48.94,34
260,43.93,32
261,53.83,36
262,53.69,21
263,60.33,8
264,40.97,42
265,49.29,21
266,56.06,34
267,66.16,32
268,32.61,23
269,37.37,25
270,46.04,38
271,57.17,33
272,41.06,31
273,47.21,36
274,55.74,44
275,56.34,25
276,61.53,11
277,61.4,38
278,59.03,29
279,26.76,22
280,48.24,34
281,50.84,33
282,64.25,28
283,23.06,15
284,47.25,23
285,59.19,33
286,32.71,17
287,48.87,25
288,58.68,24
289,51.16,25
290,49.48,34
291,16.05,36
292,53.49,51
293,57.19,19
294,49.38,37
295,38.82,16
296,49.88,37
297,48.81,30
298,58.86,42
299,45.22,39
300,49.25,25
301,71.53,49
302,49.41,38
303,63.19,21
304,48.68,22
305,50.11,34
306,43.56,24
307,49.36,23
308,23.03,21
309,36.14,30
310,37.48,26
311,46.35,35
312,41.54,27
313,66.05,36
314,47.09,27
315,33.84,35
316,41.45,37
317,56.09,9
318,54.66,34
319,53.23,47
320,53.51,33
321,48.56,37
322,35.91,30
323,58.04,28
324,37.16,19
325,42.45,16
326,62.65,41
327,51.42,35
328,46.31,22
329,51.36,33
330,63.62,41
331,56.54,39
332,48.58,36
333,30.37,37
334,51.75,37
335,61.68,24
336,56.54,33
337,41.22,13
338,46.08,35
339,53.21,39
340,57.95,21
341,53.4,45
342,50.32,40
343,62.06,37
344,32.9,36
345,43.48,15
346,47.76,25
347,41.61,4
348,28.72,37
349,53.37,40
350,37.81,34
351,48.7,46
352,53.23,40
353,43.47,33
354,64.55,30
355,59.34,38
356,29.92,49
357,45.67,39
358,44.99,36
359,51.07,13
360,57.87,38
361,57.9,34
362,45.41,32
363,66.97,33
364,49.37,40
365,49.54,21
366,51.73,61
367,29.68,30
368,66.12,38
369,52.68,30
370,50.32,46
371,63.2,40
372,45.12,25
373,38.69,22
374,50.77,32
375,48.0,23
376,55.36,47
377,53.11,48
378,38.51,28
379,38.96,21
380,27.4,30
381,34.95,35
382,68.86,31
383,60.4,28
384,37.33,38
385,59.63,24
386,33.92,43
387,43.98,6
388,53.74,31
389,45.51,33
390,55.09,19
391,68.87,18
392,58.44,19
393,43.75,19
394,47.07,33
395,47.89,28
396,53.3,41
397,57.02,37
398,43.44,31
399,38.49,21
400,61.08,24
401,62.52,41
402,60.04,34
403,53.63,20
404,44.96,46
405,43.37,50
406,31.88,30
407,41.01,37
408,53.72,13
409,48.05,18
410,63.38,41
411,55.92,22
412,51.54,22
413,39.27,34
414,59.22,14
415,57.77,14
416,60.84,9
417,63.59,21
418,53.12,30
419,58.89,9
420,61.69,36
421,49.56,24
422,45.44,29
423,50.28,21
424,47.42,35
425,45.8,28
426,38.07,23
427,44.13,24
428,51.91,59
429,51.7,36
430,39.66,19
431,49.73,26
432,52.86,24
433,55.81,29
434,42.86,24
435,52.31,25
436,62.35,28
437,32.9,16
438,48.51,23
439,45.33,12
440,49.09,12
441,37.89,14
442,67.15,17
443,48.01,32
444,45.44,28
445,52.54,22
446,59.23,40
447,31.85,37
448,49.4,54
449,51.11,25
450,64.34,47
451,58.32,42
452,46.99,13
453,65.75,34
454,62.34,12
455,51.33,38
456,50.0,27
457,63.06,27
458,64.66,24
459,54.99,36
460,40.95,35
461,52.29,40
462,40.47,30
463,59.56,42
464,58.0,46
465,55.12,34
466,59.21,26
467,65.54,39
468,55.64,24
469,62.4,40
470,51.01,22
471,48.83,24
472,57.58,35
473,47.21,34
474,49.26,26
475,59.51,30
476,46.12,33
477,51.7,37
478,85.36,17
479,40.04,35
480,34.77,5
481,45.1,4
482,56.0,8
483,38.14,5
484,53.39,5
485,50.55,7
486,48.8,6
487,55.99,3
488,48.37,4
489,55.19,6
490,51.51,5
491,43.29,9
492,44.96,7
493,43.45,5
494,48.92,8
495,52.9,6
496,50.99,5
497,45.08,5
498,53.36,2
499,53.27,4
500,51.93,6
501,64.96,6
502,49.22,5
503,59.82,7
504,45.24,4
505,60.4,7
506,35.14,5
507,43.86,6
508,57.49,6
509,47.98,7
510,48.33,7
511,52.42,3
512,40.59,6
513,42.54,3
514,39.43,6
515,67.04,4
516,32.58,5
517,41.75,9
518,55.95,4
519,49.61,4
520,43.04,8
521,33.5,5
522,47.25,6
523,47.47,7
524,29.47,8
525,52.55,2
526,52.6,3
527,58.98,6
528,44.94,4
529,59.72,7
530,57.38,5
531,46.76,6
532,35.58,5
533,42.55,10
534,46.44,5
535,29.66,1
536,30.77,8
537,65.73,8
538,73.5,6
539,41.94,3
540,38.2,6
541,49.47,4
542,42.9,6
543,44.02,4
544,74.03,6
545,41.73,7
546,63.6,4
547,59.71,4
548,51.75,4
549,49.68,5
550,43.6,1
551,60.76,6
552,44.84,2
553,53.99,4
554,46.74,4
555,48.99,7
556,56.28,4
557,49.19,3
558,51.3,5
559,62.3,6
560,64.5,5
561,43.31,3
562,50.87,4
563,33.18,1
564,60.07,2
565,47.48,2
566,38.98,5
567,61.65,4
568,60.52,9
569,50.87,4
570,40.61,4
571,61.48,3
572,50.18,6
573,50.89,10
574,51.97,4
575,52.07,5
576,31.06,3
577,52.44,6
578,35.84,9
579,52.66,7
580,50.39,4
581,54.05,1
582,25.78,3
583,51.53,8
584,36.51,7
585,48.2,6
586,47.23,5
587,60.59,6
588,59.46,8
589,54.7,4
590,45.16,4
591,44.92,3
592,53.44,5
593,32.54,9
594,44.51,5
595,62.26,6
596,39.05,3
597,37.68,4
598,42.33,10
599,66.06,4
600,32.94,7
601,39.67,4
602,63.08,9
603,73.78,4
604,45.24,5
605,59.71,9
606,39.79,6
607,35.93,6
608,49.1,5
609,50.22,8
610,68.63,8
611,62.03,6
612,55.64,7
613,55.4,8
614,52.28,8
615,39.84,1
616,35.52,5
617,48.79,3
618,70.7,2
619,61.92,4
620,59.86,4
621,68.37,5
622,47.65,4
623,46.7,0
624,31.24,1
625,49.47,10
626,50.58,8
627,38.61,6
628,42.83,6
629,59.72,7
630,50.21,2
631,38.04,7
632,66.87,6
633,31.07,3
634,57.66,6
635,50.89,5
636,35.99,5
637,62.2,4
638,56.52,2
639,63.05,1
640,46.99,3
641,30.45,2
642,58.23,6
643,37.05,5
644,31.14,4
645,28.91,4
646,58.82,4
647,34.34,3
648,32.49,3
649,57.76,3
650,73.89,4
651,38.4,8
652,44.13,5
653,42.26,6
654,45.89,7
655,62.56,8
656,53.54,6
657,55.4,4
658,48.81,3
659,51.01,7
660,36.88,7
661,56.42,6
662,39.94,4
663,38.7,8
664,47.39,6
665,64.67,3
666,67.47,5
667,49.39,6
668,43.1,6
669,34.03,5
670,32.72,0
671,60.65,5
672,57.26,6
673,55.1,4
674,61.06,4
675,38.91,4
676,51.35,3
677,56.87,6
678,50.2,5
679,55.34,6
680,47.95,3
681,47.47,6
682,35.44,6
683,31.45,8
684,28.16,3
685,68.57,6
686,41.5,5
687,53.75,8
688,37.47,5
689,55.63,4
690,50.45,7
691,51.61,3
692,38.08,7
693,37.26,5
694,33.01,4
695,45.87,6
696,45.45,4
697,53.15,8
698,54.58,5
699,53.08,2
700,43.09,4
701,34.46,4
702,52.19,4
703,55.54,5
704,51.45,5
705,62.7,1
706,50.18,8
707,53.44,6
708,53.42,4
709,54.52,4
710,50.89,6
711,64.49,9
712,51.92,8
713,57.49,6
714,42.97,1
715,43.27,4
716,44.69,6
717,54.16,3
718,50.07,4
719,48.42,5
720,42.59,6
721,50.69,4
722,62.86,3
723,51.78,2
724,47.89,3
725,38.05,1
726,54.09,4
727,38.88,4
728,58.0,5
729,42.04,5
730,35.44,2
731,43.73,8
732,65.7,5
733,43.3,5
734,54.89,3
735,54.69,6
736,46.22,6
737,47.7,5
738,39.19,8
739,57.11,3
740,47.65,7
741,38.13,2
742,33.77,4
743,54.62,6
744,51.86,4
745,56.75,6
746,50.98,4
747,46.99,6
748,52.3,4
749,47.64,5
750,28.82,9
751,53.48,2
752,45.16,6
753,56.73,4
754,71.55,4
755,32.1,2
756,41.81,3
757,52.98,3
758,43.82,3
759,40.81,3
760,46.33,8
761,37.48,6
762,42.87,4
763,54.26,5
764,46.69,6
765,48.46,6
766,56.82,8
767,48.73,4
768,38.76,4
769,38.23,2
770,54.06,6
771,42.25,9
772,35.22,3
773,43.64,5
774,45.7,5
775,45.41,6
776,70.97,4
777,36.19,4
778,56.54,3
779,44.52,1
780,42.87,6
781,33.86,5
782,65.17,10
783,42.75,4
784,42.59,6
785,45.15,3
786,49.7,3
787,55.39,2
788,32.12,6
789,60.07,6
790,62.34,3
791,75.84,3
792,49.46,8
793,58.15,7
794,49.1,9
795,45.97,4
796,37.1,6
797,55.74,6
798,42.81,6
799,53.28,5
800,43.15,3
801,54.53,4
802,69.29,4
803,42.99,4
804,66.21,4
805,50.94,5
806,53.75,6
807,45.17,5
808,44.64,7
809,39.62,7
810,54.55,7
811,53.05,4
812,54.35,1
813,48.64,6
814,49.34,5
815,46.83,2
816,31.81,4
817,34.46,3
818,27.3,5
819,53.95,3
820,46.57,6
821,33.36,6
822,36.42,7
823,65.73,5
824,49.9,5
825,56.31,3
826,33.04,3
827,48.62,10
828,47.42,5
829,68.57,4
830,45.07,4
831,56.07,7
832,47.01,6
833,51.53,6
834,51.81,7
835,66.83,6
836,50.79,4
837,46.33,2
838,30.52,11
839,41.67,1
840,53.38,7
841,60.45,6
842,41.56,3
843,28.94,4
844,43.5,8
845,56.31,6
846,67.77,4
847,41.93,2
848,71.73,5
849,57.04,0
850,38.44,7
851,55.64,5
852,57.39,2
853,60.07,3
854,46.69,2
855,46.59,3
856,55.64,3
857,46.09,4
858,46.25,2
859,61.75,8
860,66.17,4
861,58.07,6
862,56.07,4
863,49.81,6
864,49.75,5
865,35.17,9
866,55.71,5
867,49.71,4
868,48.97,3
869,61.79,5
870,42.77,7
871,47.63,8
872,67.19,4
873,52.03,3
874,55.64,5
875,44.09,5
876,49.52,7
877,49.78,4
878,39.56,5
879,50.54,8
880,39.46,9
881,41.69,5
882,48.03,8
883,37.91,5
884,40.81,4
885,58.1,2
886,49.63,5
887,59.36,7
888,37.14,6
889,49.41,6
890,57.34,2
891,46.58,7
892,42.21,6
893,41.14,2
894,37.63,3
895,60.88,5
896,64.56,3
897,58.97,6
898,51.2,6
899,52.84,3
900,22.36,5
901,60.75,2
902,60.38,4
903,64.18,1
904,71.11,6
905,31.35,3
906,52.38,4
907,54.01,4
908,51.31,5
909,65.89,3
910,51.92,7
911,57.51,5
912,48.94,3
913,34.86,6
914,42.96,3
915,38.96,4
916,41.74,8
917,66.37,5
918,31.92,4
919,52.07,6
920,55.77,5
921,59.03,4
922,49.53,7
923,56.58,7
924,33.62,7
925,70.55,6
926,63.68,2
927,61.78,9
928,39.21,8
929,37.13,5
930,57.08,6
931,24.9,8
932,55.34,5
933,43.47,7
934,73.8,6
935,58.36,10
936,52.88,4
937,44.65,6
938,46.85,5
939,55.2,7
940,58.28,0
941,67.36,6
942,50.38,5
943,56.21,1
944,47.79,6
945,63.18,5
946,57.18,5
947,58.44,6
948,60.4,6
949,43.94,4
950,53.34,3
951,42.96,3
952,46.07,3
953,52.09,9
954,57.35,5
955,72.05,7
956,55.19,4
957,33.32,4
958,51.53,4
959,52.11,5
960,46.24,7
961,51.59,6
962,63.62,6
963,59.02,5
964,53.71,6
965,60.37,6
966,56.0,9
967,58.05,5
968,50.86,6
969,39.44,8
970,44.61,8
971,54.2,10
972,36.76,5
973,74.83,4
974,46.57,6
975,50.74,4
976,46.85,4
977,52.01,4
978,63.96,6
979,68.24,2
980,43.22,7
981,51.73,6
982,44.04,5
983,53.66,6
984,54.99,4
985,59.09,5
986,64.15,6
987,28.36,7
988,57.13,4
989,54.29,9
990,70.87,7
991,46.55,5
992,64.77,5
993,48.84,5
994,51.37,2
995,75.54,7
996,44.68,7
997,46.59,4
998,46.66,8
999,50.36,3
1000,51.39,4
1001,53.95,2
1002,57.78,7
1003,45.77,4
1004,44.64,6
1005,42.6,2
1006,63.59,3
1007,53.75,6
1008,55.88,3
1009,31.35,7
1010,42.2,5
1011,50.1,7
1012,40.18,4
1013,43.8,3
1014,41.84,7
1015,57.03,4
1016,70.83,5
1017,54.96,3
1018,72.8,1
1019,45.58,5
1020,61.79,3
1021,39.81,4
1022,60.9,3
1023,53.76,9
1024,55.85,5
1025,63.36,6
1026,63.15,6
1027,58.98,6
1028,44.21,5
1029,42.09,2
1030,39.78,5
1031,70.77,5
1032,54.82,3
1033,54.07,5
1034,56.74,7
1035,42.78,5
1036,22.27,7
1037,43.07,4
1038,43.5,4
1039,58.48,8
1040,40.4,6
1041,54.84,5
1042,51.83,6
1043,53.08,2
1044,51.08,7
1045,63.84,1
1046,40.95,6
1047,48.07,4
1048,63.67,7
1049,56.59,2
1050,39.37,5
1051,46.7,6
1052,50.53,6
1053,54.02,4
1054,47.21,4
1055,48.05,9
1056,52.01,7
1057,65.61,4
1058,58.38,5
1059,51.45,5
1060,51.74,3
1061,54.57,3
1062,53.41,8
1063,46.4,5
1064,39.22,3
1065,56.13,5
1066,48.63,7
1067,40.75,4
1068,50.55,5
1069,45.64,3
1070,59.35,4
1071,50.47,1
1072,36.82,3
1073,46.86,4
1074,43.53,2
1075,48.16,6
1076,48.21,2
1077,59.44,7
1078,42.9,6
1079,57.77,2
1080,46.41,5
1081,40.59,9
1082,44.24,4
1083,60.7,1
1084,52.5,3
1085,56.38,10
1086,45.2,6
1087,48.46,6
1088,48.5,6
1089,45.83,2
1090,54.89,4
1091,38.09,2
1092,52.25,5
1093,48.21,8
1094,50.43,7
1095,50.07,2
1096,48.47,9
1097,66.46,6
1098,40.46,5
1099,15.52,3
1100,62.54,4
1101,39.57,6
1102,47.88,7
1103,27.5,3
1104,45.97,7
1105,42.01,4
1106,62.54,4
1107,46.36,3
1108,47.58,10
1109,51.68,4
1110,71.04,4
1111,55.43,4
1112,36.37,2
1113,52.4,3
1114,36.89,6
1115,54.39,7
1116,54.56,5
1117,60.76,5
1118,30.32,3
1119,58.49,6
1120,59.55,8
1121,30.84,7
1122,44.06,1
1123,37.52,6
1124,64.31,5
1125,50.05,4
1126,54.52,6
1127,56.53,5
1128,59.16,8
1129,56.49,6
1130,33.68,4
1131,54.42,7
1132,47.62,5
1133,52.44,7
1134,55.47,7
1135,41.38,8
1136,60.32,3
1137,42.71,5
1138,41.83,8
1139,48.98,4
1140,57.87,5
1141,41.84,4
1142,55.12,6
1143,38.5,1
1144,37.73,4
1145,36.91,3
1146,37.5,6
1147,60.28,2
1148,45.51,6
1149,51.59,4
1150,49.46,6
1151,57.05,4
1152,41.16,2
1153,55.64,5
1154,56.91,3
1155,57.02,7
1156,60.17,5
1157,45.68,3
1158,68.44,6
1159,58.77,5
1160,51.97,2
1161,58.28,5
1162,50.39,5
1163,23.9,6
1164,36.91,6
1165,48.86,4
1166,70.21,6
1167,61.06,3
1168,49.54,9
1169,47.36,7
1170,54.75,5
1171,62.01,4
1172,56.41,3
1173,32.09,2
1174,42.75,7
1175,73.66,5
1176,54.27,5
1177,42.71,7
1178,46.62,3
1179,45.74,4
1180,53.28,5
1181,41.83,5
1182,48.76,4
1183,47.89,4
1184,49.28,2
1185,56.76,6
1186,42.92,6
1187,44.74,8
1188,51.19,5
1189,41.78,5
1190,47.95,9
1191,58.91,6
1192,52.6,7
1193,53.59,2
1194,48.09,6
1195,39.06,1
1196,57.59,4
1197,44.44,3
1198,59.68,4
1199,57.78,4
1200,27.86,8
1201,48.62,9
1202,54.09,5
1203,39.3,2
1204,38.32,5
1205,43.68,1
1206,53.08,5
1207,55.26,5
1208,51.24,2
1209,50.03,3
1210,49.38,3
1211,68.26,5
1212,44.97,8
1213,43.36,3
1214,42.0,8
1215,56.86,6
1216,36.67,7
1217,34.28,2
1218,57.2,5
1219,61.23,7
1220,41.21,5
1221,43.36,4
1222,43.16,6
1223,55.7,5
1224,46.44,5
1225,55.43,3
1226,55.96,8
1227,60.51,2
1228,55.29,6
1229,64.11,5
1230,47.18,7
1231,49.05,5
1232,41.91,5
1233,39.94,6
1234,52.03,5
1235,47.6,4
1236,57.05,9
1237,57.45,5
1238,29.65,3
1239,44.09,4
1240,61.38,9
1241,39.04,4
1242,48.86,10
1243,42.99,8
1244,53.51,8
1245,63.68,6
1246,35.51,7
1247,38.84,4
1248,52.64,6
1249,65.57,6
1250,47.85,7
1251,57.64,4
1252,62.54,7
1253,52.2,7
1254,35.54,7
1255,41.49,6
1256,49.31,6
1257,33.9,6
1258,41.13,4
1259,57.57,1
1260,40.22,6
1261,39.79,4
1262,56.45,4
1263,51.2,3
1264,54.34,6
1265,75.52,0
1266,37.02,2
1267,57.63,8
1268,37.91,7
1269,36.49,5
1270,44.97,9
1271,49.35,10
1272,53.0,4
1273,56.63,5
1274,66.45,4
1275,41.42,7
1276,59.14,8
1277,36.8,4
1278,55.03,2
1279,51.24,5
1280,45.52,4
1281,50.75,5
1282,73.97,3
1283,40.05,5
1284,49.55,3
1285,60.58,3
1286,36.12,4
1287,43.7,7
1288,77.82,9
1289,42.41,7
1290,46.46,6
1291,42.52,5
1292,48.96,6
1293,41.59,3
1294,58.07,5
1295,49.89,9
1296,71.42,3
1297,48.29,5
1298,47.24,3
1299,42.0,5
1300,52.11,8
1301,54.97,5
1302,58.11,9
1303,72.99,4
1304,58.53,2
1305,56.08,4
1306,33.77,3
1307,39.31,3
1308,33.46,8
1309,48.75,8
1310,64.69,5
1311,38.47,2
1312,47.13,3
1313,50.73,9
1314,34.4,2
1315,33.48,5
1316,45.9,7
1317,49.23,3
1318,51.51,6
1319,49.18,5
1320,57.78,5
1321,28.74,5
1322,45.15,5
1323,50.93,7
1324,61.99,5
1325,47.9,3
1326,65.76,4
1327,56.57,8
1328,48.53,4
1329,53.39,7
1330,43.86,8
1331,58.52,6
1332,66.75,7
1333,68.18,5
1334,62.89,5
1335,55.64,4
1336,53.12,6
1337,57.4,9
1338,35.52,6
1339,40.0,3
1340,58.5,5
1341,27.59,7
1342,45.9,6
1343,62.47,7
1344,38.7,5
1345,53.45,4
1346,56.48,3
1347,58.94,5
1348,58.46,8
1349,58.46,5
1350,57.82,1
1351,46.11,4
1352,57.25,6
1353,35.04,5
1354,38.49,7
1355,62.91,4
1356,51.77,5
1357,34.74,8
1358,48.67,3
1359,72.61,4
1360,41.2,3
1361,45.08,4
1362,54.41,7
1363,36.24,2
1364,43.29,4
1365,35.7,2
1366,49.07,7
1367,53.42,7
1368,66.52,2
1369,54.8,8
1370,51.22,4
1371,40.14,1
1372,45.01,7
1373,67.27,3
1374,55.42,6
1375,45.0,7
1376,63.99,5
1377,50.13,7
1378,41.71,8
1379,64.48,3
1380,52.58,7
1381,50.79,5
1382,60.41,8
1383,44.97,6
1384,43.83,3
1385,41.84,7
1386,60.82,5
1387,46.26,7
1388,44.7,4
1389,42.04,3
1390,38.93,1
1391,57.13,5
1392,37.52,1
1393,59.66,3
1394,49.6,4
1395,40.66,7
1396,48.05,7
1397,55.67,3
1398,43.35,3
1399,46.51,6
1400,70.91,7
1401,44.03,7
1402,35.2,6
1403,43.3,5
1404,44.78,6
1405,52.82,5
1406,37.21,5
1407,42.7,6
1408,33.32,8
1409,58.67,6
1410,58.13,7
1411,47.11,6
1412,45.39,6
1413,39.61,6
1414,63.94,4
1415,45.15,3
1416,59.59,6
1417,64.19,4
1418,45.63,7
1419,47.64,3
1420,63.75,8
1421,54.16,5
1422,66.42,4
1423,45.96,4
1424,37.21,6
1425,70.05,7
1426,54.32,3
1427,49.09,5
1428,47.47,7
1429,56.14,6
1430,47.57,5
1431,55.15,9
1432,52.99,9
1433,68.57,4
1434,35.46,5
1435,27.32,6
1436,44.74,2
1437,46.55,5
1438,36.59,7
1439,45.58,0
1440,68.64,9
1441,36.22,5
1442,43.94,6
1443,39.21,5
1444,32.36,5
1445,70.25,6
1446,51.06,7
1447,46.92,6
1448,44.49,7
1449,62.01,2
1450,32.33,7
1451,54.26,3
1452,52.53,6
1453,50.69,8
1454,53.79,5
1455,36.19,2
1456,42.01,4
1457,31.12,5
1458,56.16,6
1459,62.38,2
1460,52.32,6
1461,34.81,3
1462,42.03,4
1463,43.61,8
1464,63.2,7
1465,41.61,4
1466,33.45,5
1467,39.06,8
1468,53.51,1
1469,19.62,3
1470,41.26,7
1471,51.31,3
1472,32.51,2
1473,53.18,7
1474,51.24,5
1475,48.97,4
1476,68.7,3
1477,74.14,5
1478,38.76,6
1479,46.39,6
1480,56.55,2
1481,50.93,10
1482,44.51,1
1483,76.31,4
1484,59.02,3
1485,45.85,6
1486,59.98,6
1487,44.15,5
1488,56.09,11
1489,41.52,5
1490,71.33,4
1491,66.13,4
1492,38.77,5
1493,48.5,7
1494,43.65,5
1495,52.81,10
1496,57.35,7
1497,57.27,4
1498,58.51,6
1499,48.44,7
1500,45.99,3
1501,62.48,8
1502,53.07,1
1503,43.96,5
1504,55.07,6
1505,34.54,2
1506,50.82,6
1507,55.45,8
1508,50.43,7
1509,59.81,8
1510,48.09,3
1511,64.81,8
1512,48.74,7
1513,53.44,1
1514,52.31,3
1515,38.29,6
1516,47.79,9
1517,71.67,7
1518,37.41,5
1519,52.13,7
1520,63.03,2
1521,52.1,2
1522,47.39,5
1523,42.57,5
1524,76.89,5
1525,52.59,6
1526,56.08,8
1527,38.66,1
1528,45.23,5
1529,52.85,5
1530,56.87,6
1531,36.66,4
1532,48.88,2
1533,60.99,4
1534,48.69,6
1535,36.84,6
1536,36.08,5
1537,49.37,3
1538,51.82,5
1539,42.53,4
1540,44.13,6
1541,53.27,6
1542,54.33,6
1543,65.01,6
1544,51.46,4
1545,56.07,6
1546,53.48,5
1547,71.54,1
1548,44.69,3
1549,36.53,6
1550,50.75,4
1551,57.83,7
1552,47.41,3
1553,52.98,6
1554,46.99,6
1555,66.27,5
1556,33.42,9
1557,61.98,4
1558,34.11,1
1559,52.42,7
1560,57.05,5
1561,54.73,5
1562,64.47,2
1563,31.38,7
1564,68.87,5
1565,57.61,5
1566,57.65,8
1567,58.08,4
1568,51.31,6
1569,66.32,6
1570,51.75,5
1571,51.75,6
1572,34.26,5
1573,48.79,6
1574,23.46,2
1575,61.32,4
1576,44.18,5
1577,38.98,7
1578,41.52,8
1579,64.71,5
1580,55.04,4
1581,41.94,3
1582,46.88,6
1583,73.97,3
1584,35.55,5
1585,51.54,9
1586,53.32,4
1587,63.86,2
1588,33.69,8
1589,47.34,6
1590,35.38,4
1591,61.31,4
1592,55.71,1
1593,58.87,3
1594,43.3,5
1595,36.19,8
1596,47.62,5
1597,39.87,5
1598,51.76,9
1599,46.82,5
1600,59.73,8
1601,60.88,7
1602,55.99,4
1603,46.93,3
1604,62.48,2
1605,59.47,5
1606,49.09,5
1607,42.49,5
1608,36.63,5
1609,57.03,6
1610,40.71,6
1611,42.1,6
1612,53.8,3
1613,53.5,2
1614,37.27,6
1615,44.17,6
1616,39.32,5
1617,48.39,6
1618,57.14,5
1619,47.26,3
1620,38.03,5
1621,31.36,5
1622,68.26,6
1623,54.23,2
1624,52.52,1
1625,52.19,3
1626,78.26,4
1627,78.56,4
1628,58.48,5
1629,47.36,7
1630,50.25,6
1631,76.26,2
1632,34.12,4
1633,49.99,7
1634,60.89,6
1635,51.83,6
1636,40.4,2
1637,64.86,8
1638,51.32,3
1639,55.83,4
1640,61.88,2
1641,45.35,4
1642,55.7,1
1643,40.17,2
1644,61.46,7
1645,41.67,4
1646,44.85,3
1647,53.25,8
1648,41.92,5
1649,63.38,4
1650,55.52,8
1651,59.16,7
1652,62.14,6
1653,33.4,9
1654,41.01,3
1655,39.59,3
1656,48.31,6
1657,47.96,4
1658,40.43,5
1659,50.35,4
1660,46.08,3
1661,48.83,5
1662,50.29,4
1663,56.23,4
1664,36.93,4
1665,51.13,8
1666,45.21,3
1667,47.56,8
1668,49.5,9
1669,41.22,8
1670,65.02,3
1671,61.22,9
1672,39.6,7
1673,59.64,6
1674,50.75,8
1675,55.84,3
1676,51.12,6
1677,54.09,6
1678,45.71,7
1679,64.43,5
1680,51.49,2
1681,42.73,5
1682,55.28,2
1683,46.47,7
1684,65.79,3
1685,42.04,5
1686,52.88,5
1687,51.86,2
1688,42.75,4
1689,41.34,3
1690,37.14,6
1691,51.39,9
1692,41.93,4
1693,64.54,7
1694,50.24,8
1695,43.43,10
1696,26.87,3
1697,55.75,3
1698,51.23,5
1699,45.6,4
1700,53.04,9
1701,74.2,3
1702,68.53,3
1703,61.21,1
1704,51.91,2
1705,39.73,7
1706,63.49,4
1707,41.37,1
1708,58.09,6
1709,41.1,4
1710,29.32,6
1711,53.43,5
1712,42.54,5
1713,48.38,6
1714,53.68,2
1715,43.9,1
1716,50.56,4
1717,62.59,4
1718,37.18,3
1719,48.98,6
1720,46.67,6
1721,56.56,3
1722,48.74,3
1723,63.24,3
1724,36.26,11
1725,37.36,2
1726,48.48,1
1727,29.42,7
1728,55.04,5
1729,54.05,2
1730,49.24,1
1731,51.72,5
1732,43.03,7
1733,56.77,7
1734,31.62,5
1735,30.61,2
1736,39.68,4
1737,44.39,4
1738,47.51,9
1739,59.39,5
1740,65.3,5
1741,44.3,3
1742,47.74,3
1743,57.2,7
1744,37.62,3
1745,44.39,3
1746,51.67,5
1747,59.58,4
1748,42.08,7
1749,34.59,5
1750,60.39,8
1751,59.46,6
1752,56.72,3
1753,55.09,4
1754,59.63,3
1755,54.41,4
1756,46.15,5
1757,29.92,4
1758,52.07,3
1759,57.64,6
1760,55.9,3
1761,44.65,4
1762,60.79,6
1763,50.38,6
1764,62.09,3
1765,51.05,4
1766,53.11,2
1767,64.75,7
1768,61.68,6
1769,51.3,5
1770,59.63,1
1771,56.13,6
1772,42.12,4
1773,60.37,7
1774,37.6,6
1775,51.12,4
1776,46.04,2
1777,42.52,10
1778,66.51,10
1779,37.17,5
1780,55.8,5
1781,56.27,4
1782,65.04,8
1783,43.77,6
1784,63.01,7
1785,42.77,6
1786,44.26,8
1787,55.84,9
1788,52.42,7
1789,29.67,5
1790,46.95,8
1791,46.28,5
1792,55.74,5
1793,56.12,3
1794,54.26,4
1795,56.04,1
1796,60.79,8
1797,50.19,5
1798,50.72,6
1799,52.72,2
1800,61.67,5
1801,47.17,5
1802,51.93,5
1803,38.38,6
1804,57.32,9
1805,39.57,4
1806,68.99,4
1807,35.39,7
1808,56.91,8
1809,48.66,4
1810,57.91,4
1811,41.25,6
1812,46.26,8
1813,27.99,2
1814,40.4,5
1815,45.54,3
1816,34.68,6
1817,48.75,6
1818,46.79,7
1819,53.83,6
1820,51.13,5
1821,61.03,7
1822,32.3,5
1823,55.84,5
1824,29.73,4
1825,58.43,5
1826,45.56,3
1827,56.99,7
1828,42.04,4
1829,54.03,3
1830,49.17,5
1831,55.12,6
1832,39.28,6
1833,39.88,4
1834,34.49,8
1835,50.52,7
1836,40.7,2
1837,53.33,3
1838,34.04,5
1839,45.54,11
1840,52.09,8
1841,45.01,8
1842,52.06,3
1843,58.46,5
1844,37.58,7
1845,46.91,2
1846,48.57,8
1847,25.39,7
1848,53.29,8
1849,55.97,3
1850,39.14,7
1851,48.74,4
1852,52.26,2
1853,67.57,7
1854,38.43,4
1855,29.59,4
1856,39.81,8
1857,37.84,3
1858,53.56,2
1859,48.79,2
1860,37.66,2
1861,52.05,7
1862,65.27,6
1863,38.74,6
1864,29.28,3
1865,21.6,3
1866,28.7,0
1867,46.08,7
1868,42.02,5
1869,49.96,1
1870,48.05,9
1871,61.36,5
1872,52.83,7
1873,69.19,4
1874,33.2,3
1875,51.27,5
1876,54.48,2
1877,42.47,7
1878,46.2,5
1879,47.92,2
1880,49.43,5
1881,38.26,5
1882,30.5,5
1883,48.88,7
1884,49.45,4
1885,60.69,6
1886,57.36,7
1887,51.15,6
1888,30.3,1
1889,55.41,3
1890,44.98,3
1891,56.9,10
1892,36.37,5
1893,55.2,1
1894,66.98,9
1895,65.93,3
1896,50.89,5
1897,40.97,3
1898,46.17,3
1899,43.19,5
1900,42.01,6
1901,66.26,6
1902,48.41,6
1903,64.68,10
1904,65.17,2
1905,40.48,4
1906,38.74,7
1907,39.83,4
1908,42.94,3
1909,54.04,7
1910,35.32,6
1911,62.47,4
1912,39.72,7
1913,47.95,9
1914,40.29,7
1915,51.25,5
1916,51.77,3
1917,32.28,8
1918,44.08,5
1919,52.84,4
1920,48.98,3
1921,57.0,8
1922,58.22,5
1923,41.38,2
1924,45.01,7
1925,43.28,9
1926,52.78,9
1927,37.25,8
1928,53.88,3
1929,53.84,6
1930,52.7,1
1931,44.56,4
1932,50.16,7
1933,51.76,4
1934,40.61,4
1935,56.47,8
1936,41.94,6
1937,62.92,7
1938,65.48,7
1939,48.82,2
1940,39.13,4
1941,30.27,4
1942,47.01,6
1943,39.04,4
1944,36.6,4
1945,60.09,3
1946,38.5,7
1947,60.46,3
1948,48.26,5
1949,46.74,2
1950,44.85,2
1951,61.38,6
1952,63.88,6
1953,44.43,4
1954,59.64,6
1955,55.07,1
1956,56.72,7
1957,52.33,4
1958,47.04,7
1959,45.59,6
1960,45.47,5
1961,50.18,3
1962,38.85,8
1963,51.57,3
1964,56.38,1
1965,43.52,8
1966,53.46,5
1967,45.74,4
1968,46.48,6
1969,50.63,8
1970,43.06,3
1971,34.77,4
1972,47.34,5
1973,59.12,11
1974,41.22,4
1975,46.41,10
1976,45.58,4
1977,45.28,7
1978,55.43,6
1979,54.32,4
1980,40.04,3
1981,62.46,5
1982,60.24,4
1983,54.78,6
1984,52.11,4
1985,46.1,6
1986,46.13,9
1987,45.62,5
1988,56.74,3
1989,42.62,4
1990,74.88,7
1991,33.22,3
1992,39.93,4
1993,60.35,2
1994,54.66,4
1995,34.96,6
1996,58.1,8
1997,46.64,2
1998,63.0,6
1999,48.1,9
2000,38.66,3
2001,48.91,0
2002,63.5,4
2003,44.26,4
2004,36.23,3
2005,45.16,5
2006,49.35,8
2007,49.73,11
2008,54.63,5
2009,54.04,7
2010,60.63,6
2011,40.05,0
2012,61.61,1
2013,45.63,8
2014,40.1,4
2015,35.24,7
2016,49.02,7
2017,50.07,8
2018,54.38,4
2019,56.85,3
2020,42.39,4
2021,49.53,4
2022,37.42,8
2023,57.2,6
2024,38.4,4
2025,50.1,5
2026,53.42,1
2027,50.55,4
2028,45.7,7
2029,48.56,3
2030,59.31,7
2031,46.6,4
2032,49.49,3
2033,40.67,5
2034,62.34,3
2035,56.89,7
2036,52.19,4
2037,39.67,5
2038,49.69,5
2039,56.33,3
2040,44.21,5
2041,43.54,6
2042,33.63,5
2043,58.27,1
2044,40.18,6
2045,50.38,5
2046,37.68,5
2047,50.65,3
2048,44.0,7
2049,50.05,8
2050,56.99,7
2051,66.04,5
2052,33.17,2
2053,45.31,6
2054,64.43,8
2055,52.05,4
2056,45.12,4
2057,55.8,8
2058,55.43,4
2059,43.25,4
2060,55.56,4
2061,47.95,8
2062,66.13,5
2063,50.75,2
2064,64.75,4
2065,36.52,7
2066,60.46,4
2067,49.37,9
2068,50.69,7
2069,70.29,8
2070,50.64,2
2071,38.68,4
2072,56.9,3
2073,43.42,8
2074,40.0,6
2075,66.08,4
2076,62.75,6
2077,50.25,10
2078,41.55,3
2079,51.98,3
2080,56.02,5
2081,47.55,3
2082,45.86,6
2083,44.31,4
2084,63.6,2
2085,51.62,6
2086,47.76,3
2087,49.68,9
2088,45.02,5
2089,37.79,3
2090,49.27,5
2091,39.67,9
2092,50.9,9
2093,29.54,5
2094,44.2,6
2095,59.43,5
2096,45.78,8
2097,48.82,5
2098,51.48,6
2099,36.11,9
2100,47.52,6
2101,57.27,9
2102,47.95,5
2103,49.19,7
2104,54.0,4
2105,52.27,7
2106,62.39,4
2107,48.22,5
2108,71.83,5
2109,42.53,3
2110,41.02,9
2111,39.76,8
2112,54.67,4
2113,65.55,3
2114,56.67,5
2115,58.09,3
2116,45.26,11
2117,48.47,6
2118,60.23,2
2119,39.97,3
2120,67.34,1
2121,67.87,3
2122,29.69,6
2123,54.15,5
2124,51.15,3
2125,50.1,5
2126,68.64,3
2127,54.16,3
2128,43.23,3
2129,63.62,4
2130,52.73,3
2131,64.16,7
2132,50.08,3
2133,47.15,3
2134,49.3,1
2135,43.37,4
2136,49.88,5
2137,55.95,8
2138,47.52,8
2139,56.61,6
2140,53.26,6
2141,55.77,5
2142,44.67,7
2143,55.07,4
2144,39.75,3
2145,65.73,5
2146,49.55,3
2147,59.63,4
2148,54.67,5
2149,56.32,8
2150,44.71,6
2151,45.95,3
2152,54.84,6
2153,47.34,6
2154,45.73,3
2155,48.84,7
2156,57.45,6
2157,60.97,9
2158,50.64,4
2159,52.12,5
2160,34.72,5
2161,53.49,4
2162,56.82,3
2163,50.26,5
2164,44.29,6
2165,29.93,4
2166,58.14,7
2167,43.63,8
2168,52.03,4
2169,55.81,6
2170,69.54,7
2171,35.54,6
2172,37.06,8
2173,44.46,4
2174,53.36,11
2175,54.1,8
2176,41.54,8
2177,37.17,2
2178,48.39,5
2179,51.92,7
2180,60.39,7
2181,40.03,4
2182,32.36,5
2183,65.55,2
2184,58.83,3
2185,59.37,6
2186,74.91,5
2187,51.97,5
2188,35.67,5
2189,41.93,4
2190,48.01,6
2191,29.85,6
2192,57.22,7
2193,52.76,4
2194,71.84,3
2195,57.11,5
2196,45.24,3
2197,65.49,6
2198,58.16,9
2199,30.44,3
2200,58.54,7
2201,55.85,5
2202,54.94,7
2203,66.46,6
2204,44.42,6
2205,63.96,5
2206,44.38,5
2207,67.31,5
2208,54.63,2
2209,50.98,0
2210,66.8,6
2211,52.43,6
2212,39.4,8
2213,50.63,3
2214,49.28,6
2215,72.16,5
2216,36.74,7
2217,52.48,8
2218,59.95,7
2219,65.88,8
2220,49.83,9
2221,60.85,5
2222,59.7,10
2223,66.76,2
2224,50.68,4
2225,44.67,5
2226,53.88,4
2227,48.34,4
2228,46.08,3
2229,58.53,8
2230,53.43,6
2231,51.34,8
2232,74.11,6
2233,55.79,5
2234,71.3,8
2235,59.34,9
2236,73.13,3
2237,38.97,4
2238,31.88,7
2239,26.14,5
2240,35.39,8
2241,60.21,6
2242,49.17,0
2243,35.29,3
2244,51.57,5
2245,56.01,4
2246,59.08,5
2247,56.78,6
2248,56.02,5
2249,31.3,5
2250,56.1,9
2251,60.55,7
2252,64.6,3
2253,32.09,6
2254,52.49,6
2255,61.01,7
2256,57.26,6
2257,34.42,6
2258,44.44,7
2259,45.53,5
2260,44.78,6
2261,31.13,6
2262,39.02,4
2263,53.34,2
2264,51.01,5
2265,48.81,6
2266,50.16,4
2267,66.56,4
2268,51.05,4
2269,51.44,5
2270,49.22,5
2271,44.82,7
2272,55.23,8
2273,45.51,3
2274,44.53,4
2275,25.9,3
2276,61.28,6
2277,30.89,5
2278,41.6,6
2279,69.79,6
2280,47.48,3
2281,50.64,3
2282,62.55,3
2283,40.97,6
2284,64.38,6
2285,72.33,5
2286,57.8,8
2287,60.3,7
2288,45.25,8
2289,61.46,6
2290,50.14,3
2291,51.31,2
2292,41.42,6
2293,33.65,8
2294,37.09,7
2295,35.76,7
2296,54.8,6
2297,41.47,6
2298,43.54,4
2299,42.72,3
2300,56.12,2
2301,51.91,6
2302,39.26,7
2303,50.81,5
2304,53.0,5
2305,43.65,8
2306,58.17,5
2307,58.88,5
2308,49.9,6
2309,49.94,3
2310,63.02,3
2311,41.73,4
2312,58.95,2
2313,52.33,6
2314,49.25,7
2315,71.63,6
2316,53.34,8
2317,40.49,5
2318,35.32,2
2319,41.45,3
2320,61.34,5
2321,43.15,8
2322,42.32,5
2323,30.44,4
2324,56.59,6
2325,45.05,4
2326,47.22,7
2327,34.87,4
2328,47.16,4
2329,44.75,3
2330,41.62,9
2331,47.67,4
2332,51.09,7
2333,54.14,8
2334,74.51,5
2335,51.47,7
2336,29.96,6
2337,35.52,6
2338,51.63,7
2339,31.73,8
2340,65.39,5
2341,41.39,10
2342,43.95,5
2343,54.48,8
2344,58.12,8
2345,53.04,4
2346,43.05,4
2347,56.28,7
2348,42.21,8
2349,35.47,3
2350,42.97,8
2351,70.3,2
2352,41.82,3
2353,63.43,10
2354,45.45,3
2355,56.25,6
2356,41.64,1
2357,49.85,5
2358,44.93,5
2359,45.35,6
2360,66.26,3
2361,56.11,1
2362,40.37,4
2363,27.14,4
2364,46.89,6
2365,52.27,1
2366,40.92,6
2367,58.37,2
2368,32.08,4
2369,50.93,6
2370,67.87,2
2371,59.36,7
2372,47.05,5
2373,59.87,4
2374,32.52,10
2375,43.65,2
2376,49.98,4
2377,61.27,6
2378,40.5,4
2379,62.04,5
2380,50.56,3
2381,31.4,7
2382,41.91,6
2383,38.34,4
2384,42.44,3
2385,45.94,6
2386,60.7,3
2387,55.02,3
2388,50.91,5
2389,54.92,2
2390,65.84,6
2391,55.84,4
2392,51.61,2
2393,45.94,3
2394,31.39,5
2395,41.02,7
2396,34.61,6
2397,34.0,6
2398,34.34,0
2399,53.94,4
2400,53.75,3
2401,69.02,5
2402,60.75,5
2403,50.41,3
2404,49.24,5
2405,65.23,5
2406,44.8,7
2407,48.77,6
2408,48.43,3
2409,56.71,8
2410,53.06,5
2411,26.95,8
2412,46.54,4
2413,43.23,4
2414,59.07,1
2415,35.88,4
2416,49.41,7
2417,45.0,7
2418,58.96,6
2419,60.01,6
2420,43.02,7
2421,43.2,7
2422,62.91,7
2423,39.21,6
2424,40.92,7
2425,41.31,5
2426,69.15,3
2427,69.44,8
2428,48.14,3
2429,53.95,3
2430,62.97,2
2431,74.19,9
2432,51.73,3
2433,28.32,3
2434,46.75,4
2435,47.98,8
2436,43.98,4
2437,41.47,6
2438,77.94,8
2439,53.72,6
2440,60.71,6
2441,52.3,4
2442,56.09,6
2443,25.69,8
2444,45.3,5
2445,58.88,6
2446,59.43,6
2447,57.76,5
2448,47.29,3
2449,28.69,6
2450,42.88,5
2451,57.96,2
2452,46.72,3
2453,60.59,8
2454,36.03,6
2455,64.94,1
2456,53.9,4
2457,49.08,5
2458,38.58,3
2459,38.13,4
2460,46.65,3
2461,46.88,6
2462,49.9,4
2463,48.73,8
2464,31.88,6
2465,62.58,5
2466,61.6,3
2467,52.03,4
2468,28.98,5
2469,64.43,3
2470,48.26,3
2471,53.25,3
2472,45.32,4
2473,49.93,11
2474,50.28,6
2475,48.58,8
2476,67.82,6
2477,59.91,6
2478,64.55,7
2479,58.33,3
2480,32.88,6
2481,57.98,6
2482,52.67,6
2483,51.51,5
2484,54.46,3
2485,69.63,5
2486,49.92,2
2487,48.66,6
2488,38.6,2
2489,39.93,5
2490,66.74,6
2491,40.44,6
2492,52.86,5
2493,39.75,8
2494,61.33,1
2495,57.2,2
2496,65.91,3
2497,40.0,9
2498,49.98,4
2499,66.0,3
2500,52.84,4
2501,59.6,5
2502,48.82,6
2503,41.85,6
2504,53.52,9
2505,47.65,6
2506,56.01,6
2507,46.18,1
2508,64.8,8
2509,69.64,8
2510,56.23,2
2511,34.12,4
2512,61.8,1
2513,31.13,4
2514,73.18,8
2515,55.61,6
2516,51.84,2
2517,59.76,4
2518,54.84,7
2519,36.31,6
2520,29.94,4
2521,49.01,4
2522,47.93,5
2523,54.86,4
2524,34.3,8
2525,53.1,4
2526,41.62,4
2527,67.55,9
2528,60.29,6
2529,60.44,3
2530,30.15,6
2531,48.98,7
2532,45.56,4
2533,46.39,7
2534,54.84,3
2535,45.67,7
2536,47.0,5
2537,40.99,7
2538,50.64,5
2539,53.24,3
2540,61.45,9
2541,48.35,3
2542,33.51,4
2543,47.64,5
2544,31.37,5
2545,41.53,5
2546,56.07,6
2547,54.43,4
2548,65.17,4
2549,50.66,6
2550,56.41,7
2551,49.76,5
2552,44.0,4
2553,55.67,2
2554,53.45,5
2555,48.64,6
2556,39.16,5
2557,43.46,6
2558,48.79,5
2559,51.7,5
2560,34.76,5
2561,41.93,6
2562,64.32,4
2563,45.64,6
2564,49.3,5
2565,41.5,4
2566,54.82,5
2567,48.47,4
2568,43.07,1
2569,64.36,6
2570,66.9,5
2571,60.9,6
2572,42.6,5
2573,60.85,5
2574,66.57,2
2575,53.67,6
2576,65.02,11
2577,43.18,4
2578,52.0,3
2579,54.1,4
2580,47.57,6
2581,49.57,5
2582,44.84,7
2583,55.73,1
2584,37.3,5
2585,55.44,5
2586,47.04,4
2587,51.36,9
2588,70.59,2
2589,56.02,6
2590,46.99,7
2591,53.64,3
2592,39.17,4
2593,39.19,8
2594,52.8,7
2595,55.62,3
2596,43.95,3
2597,39.31,6
2598,42.46,5
2599,47.59,4
2600,40.71,5
2601,31.62,2
2602,31.14,9
2603,39.21,6
2604,50.7,7
2605,47.91,4
2606,54.47,4
2607,47.52,2
2608,65.2,7
2609,59.48,4
2610,62.58,5
2611,50.47,6
2612,53.41,3
2613,83.42,5
2614,58.78,3
2615,41.65,7
2616,53.0,3
2617,56.12,0
2618,37.54,5
2619,46.08,7
2620,34.55,7
2621,46.45,4
2622,66.17,6
2623,44.1,2
2624,56.24,5
2625,53.48,5
2626,70.32,4
2627,46.94,6
2628,36.98,6
2629,49.3,3
2630,27.04,6
2631,45.28,6
2632,50.03,2
2633,68.13,2
2634,26.78,2
2635,58.24,5
2636,46.98,6
2637,34.04,9
2638,53.49,4
2639,44.63,2
2640,51.27,6
2641,62.51,4
2642,42.25,5
2643,39.53,6
2644,46.59,4
2645,27.8,6
2646,52.12,7
2647,49.26,7
2648,55.56,5
2649,40.53,4
2650,53.96,1
2651,44.44,7
2652,61.23,3
2653,32.67,3
2654,36.99,3
2655,49.41,4
2656,57.89,6
2657,50.86,5
2658,57.64,8
2659,51.43,5
2660,37.73,3
2661,58.56,3
2662,45.26,4
2663,37.1,6
2664,44.41,3
2665,50.62,7
2666,55.14,1
2667,39.01,5
2668,52.11,7
2669,64.48,5
2670,48.69,6
2671,57.18,5
2672,59.04,6
2673,48.86,7
2674,59.12,7
2675,45.86,7
2676,60.78,0
2677,56.91,5
2678,34.95,0
2679,47.84,4
2680,48.14,2
2681,44.89,1
2682,65.76,9
2683,41.39,8
2684,66.81,5
2685,58.92,3
2686,46.72,7
2687,44.12,2
2688,53.59,2
2689,60.9,5
2690,38.06,7
2691,64.21,7
2692,56.61,8
2693,48.03,5
2694,48.63,4
2695,46.73,5
2696,51.97,5
2697,60.65,5
2698,54.41,6
2699,65.88,5
2700,38.04,4
2701,26.27,4
2702,60.05,6
2703,50.65,4
2704,50.07,4
2705,44.68,1
2706,69.88,7
2707,48.53,6
2708,61.06,8
2709,54.4,4
2710,65.32,3
2711,48.91,2
2712,47.33,3
2713,49.7,3
2714,35.97,7
2715,55.46,5
2716,49.48,4
2717,45.89,8
2718,45.69,3
2719,70.45,6
2720,58.45,6
2721,65.42,6
2722,38.21,5
2723,42.86,4
2724,44.62,2
2725,58.27,6
2726,34.84,8
2727,56.96,7
2728,58.07,11
2729,51.52,8
2730,36.76,7
2731,51.86,4
2732,57.16,4
2733,48.67,3
2734,59.0,4
2735,54.36,2
2736,41.52,4
2737,46.37,5
2738,51.91,6
2739,65.6,6
2740,61.92,4
2741,40.24,5
2742,65.11,5
2743,26.3,7
2744,41.87,6
2745,51.6,6
2746,43.69,4
2747,63.9,7
2748,72.04,3
2749,50.67,4
2750,57.78,1
2751,69.93,3
2752,56.26,6
2753,44.91,7
2754,52.01,7
2755,41.83,5
2756,49.27,5
2757,40.09,5
2758,75.09,5
2759,44.64,4
2760,41.63,6
2761,54.41,5
2762,27.46,5
2763,52.21,5
2764,74.91,4
2765,25.48,5
2766,52.75,4
2767,45.21,7
2768,49.97,6
2769,55.33,5
2770,30.34,6
2771,53.01,4
2772,58.27,6
2773,41.23,6
2774,46.1,4
2775,60.1,5
2776,51.02,7
2777,52.59,4
2778,43.26,2
2779,50.62,8
2780,46.51,8
2781,49.64,5
2782,50.67,4
2783,65.59,9
2784,45.58,7
2785,55.72,5
2786,44.47,4
2787,55.88,5
2788,47.4,6
2789,64.15,8
2790,61.37,1
2791,35.09,4
2792,47.59,5
2793,53.96,4
2794,63.61,5
2795,45.05,4
2796,43.89,5
2797,57.82,7
2798,50.96,3
2799,42.94,5
2800,67.08,1
2801,49.88,6
2802,37.35,5
2803,53.29,6
2804,37.04,5
2805,50.28,4
2806,50.96,6
2807,46.38,6
2808,34.79,4
2809,38.92,7
2810,46.54,4
2811,62.24,10
2812,50.96,1
2813,53.23,6
2814,53.89,2
2815,74.41,5
2816,50.85,5
2817,62.67,1
2818,36.33,8
2819,50.48,8
2820,43.32,4
2821,50.78,2
2822,49.62,4
2823,52.6,4
2824,45.29,9
2825,64.98,3
2826,41.82,4
2827,55.3,4
2828,52.57,7
2829,51.53,2
2830,46.71,4
2831,52.3,3
2832,43.69,6
2833,29.7,6
2834,53.59,5
2835,48.51,8
2836,29.01,3
2837,56.14,9
2838,56.83,5
2839,59.93,7
2840,52.72,4
2841,59.63,3
2842,32.63,4
2843,26.62,5
2844,66.95,5
2845,35.24,2
2846,66.96,4
2847,54.87,6
2848,70.04,1
2849,45.11,6
2850,44.77,2
2851,75.68,7
2852,53.45,5
2853,55.01,6
2854,34.24,4
2855,52.42,5
2856,37.0,5
2857,49.14,6
2858,49.35,6
2859,32.54,8
2860,52.15,4
2861,47.49,5
2862,54.5,5
2863,31.58,6
2864,59.91,7
2865,34.02,6
2866,57.14,2
2867,38.27,8
2868,33.56,7
2869,57.74,4
2870,51.29,5
2871,51.87,4
2872,41.31,5
2873,16.39,8
2874,56.55,5
2875,41.0,6
2876,31.72,2
2877,63.75,4
2878,67.15,7
2879,33.66,8
2880,40.32,6
2881,52.41,3
2882,56.56,4
2883,50.32,5
2884,50.72,5
2885,25.17,6
2886,45.32,6
2887,45.15,7
2888,38.63,4
2889,63.43,4
2890,32.45,6
2891,34.68,7
2892,49.89,2
2893,66.63,9
2894,34.11,5
2895,56.86,4
2896,46.14,5
2897,69.49,1
2898,67.46,4
2899,37.83,7
2900,52.81,5
2901,35.42,3
2902,48.84,4
2903,58.43,2
2904,37.76,5
2905,29.88,4
2906,49.48,2
2907,36.84,5
2908,53.5,5
2909,48.95,2
2910,51.91,6
2911,72.14,6
2912,51.91,6
2913,32.58,6
2914,52.68,3
2915,58.94,5
2916,63.95,3
2917,36.88,5
2918,57.25,3
2919,44.51,6
2920,58.4,7
2921,38.4,4
2922,44.95,5
2923,47.87,4
2924,35.83,6
2925,24.58,4
2926,48.71,5
2927,56.67,3
2928,48.72,6
2929,47.6,1
2930,55.05,6
2931,62.81,6
2932,50.86,4
2933,51.63,4
2934,27.83,5
2935,50.4,7
2936,53.69,5
2937,48.17,4
2938,38.25,6
2939,54.66,3
2940,42.41,7
2941,52.04,1
2942,67.41,4
2943,50.71,7
2944,48.45,6
2945,58.03,4
2946,64.12,4
2947,41.6,7
2948,42.32,6
2949,69.72,4
2950,60.39,7
2951,57.86,6
2952,58.88,6
2953,54.94,7
2954,48.64,4
2955,69.66,4
2956,55.4,9
2957,42.27,4
2958,58.67,1
2959,58.64,1
2960,49.85,8
2961,37.14,2
2962,33.95,5
2963,40.72,6
2964,56.34,6
2965,72.41,7
2966,48.52,7
2967,68.6,4
2968,61.86,7
2969,52.59,5
2970,50.94,6
2971,58.56,7
2972,62.48,7
2973,27.48,5
2974,37.26,1
2975,70.3,3
2976,42.54,5
2977,54.23,5
2978,52.43,11
2979,54.87,4
2980,33.42,4
2981,67.51,7
2982,52.69,1
2983,55.16,7
2984,52.11,4
2985,54.27,6
2986,56.07,5
2987,46.64,5
2988,39.64,4
2989,43.58,7
2990,54.64,5
2991,39.87,4
2992,52.7,7
2993,45.53,4
2994,50.34,6
2995,53.39,4
2996,44.5,8
2997,62.6,6
2998,53.76,4
2999,54.1,7
3000,56.2,6
3001,49.33,7
3002,72.9,7
3003,45.83,2
3004,57.25,0
3005,66.67,5
3006,34.86,3
3007,51.34,6
3008,49.93,5
3009,49.43,7
3010,49.56,4
3011,64.63,8
3012,68.18,5
3013,56.45,6
3014,35.82,5
3015,51.35,6
3016,48.34,5
3017,45.94,6
3018,42.37,5
3019,60.81,6
3020,36.82,5
3021,47.77,6
3022,59.02,3
3023,60.99,4
3024,63.68,4
3025,40.54,5
3026,47.81,6
3027,49.72,4
3028,58.11,7
3029,60.73,5
3030,47.39,7
3031,63.15,0
3032,71.55,4
3033,55.78,7
3034,44.77,3
3035,36.18,5
3036,55.18,5
3037,67.74,1
3038,59.16,8
3039,55.51,8
3040,40.01,1
3041,49.71,6
3042,56.49,4
3043,55.05,7
3044,57.91,7
3045,50.49,3
3046,56.18,6
3047,51.35,2
3048,48.29,5
3049,30.16,5
3050,57.01,7
3051,42.9,6
3052,64.85,6
3053,61.21,7
3054,31.6,5
3055,43.61,3
3056,35.6,1
3057,55.47,9
3058,37.15,7
3059,48.09,5
3060,49.65,11
3061,31.25,4
3062,54.0,6
3063,47.68,4
3064,48.19,6
3065,37.64,7
3066,63.66,1
3067,34.94,5
3068,34.41,4
3069,47.46,2
3070,60.78,6
3071,55.58,4
3072,44.49,4
3073,36.07,5
3074,49.26,7
3075,64.9,6
3076,53.25,3
3077,54.25,7
3078,48.47,3
3079,50.56,5
3080,45.67,7
3081,59.67,3
3082,47.77,5
3083,51.2,9
3084,52.57,5
3085,56.52,7
3086,63.71,6
3087,63.72,8
3088,65.08,3
3089,48.42,5
3090,41.08,2
3091,46.2,5
3092,47.74,7
3093,50.78,5
3094,62.3,5
3095,38.42,2
3096,51.55,6
3097,41.31,6
3098,57.2,5
3099,51.97,7
3100,34.74,4
3101,62.81,4
3102,55.97,4
3103,54.99,6
3104,58.13,4
3105,66.86,6
3106,45.03,11
3107,53.54,7
3108,23.2,8
3109,64.13,6
3110,53.11,3
3111,62.58,8
3112,57.68,2
3113,29.13,5
3114,58.83,5
3115,44.83,7
3116,40.46,7
3117,58.92,4
3118,56.04,6
3119,41.14,6
3120,48.35,7
3121,56.17,1
3122,47.57,5
3123,44.22,5
3124,52.85,4
3125,41.15,7
3126,47.82,4
3127,66.89,3
3128,43.25,7
3129,74.47,5
3130,47.43,2
3131,49.34,3
3132,56.37,3
3133,50.64,4
3134,60.36,5
3135,45.74,5
3136,60.32,5
3137,59.08,5
3138,40.87,5
3139,63.55,1
3140,54.65,4
3141,53.47,4
3142,41.7,5
3143,55.76,7
3144,53.33,5
3145,49.58,4
3146,40.9,5
3147,54.32,5
3148,52.11,11
3149,54.34,3
3150,41.75,5
3151,49.19,5
3152,46.8,6
3153,30.97,8
3154,42.42,4
3155,30.31,6
3156,32.95,10
3157,58.13,6
3158,64.32,3
3159,39.93,4
3160,40.63,3
3161,48.81,6
3162,40.34,2
3163,54.29,9
3164,47.92,7
3165,55.11,6
3166,58.93,6
3167,34.04,6
3168,50.3,8
3169,51.38,4
3170,42.02,1
3171,39.33,6
3172,49.76,7
3173,46.96,1
3174,58.61,5
3175,32.53,4
3176,38.94,8
3177,46.81,9
3178,50.56,5
3179,37.57,6
3180,49.86,5
3181,53.57,4
3182,35.15,5
3183,36.91,6
3184,60.04,5
3185,41.25,3
3186,49.53,7
3187,44.54,7
3188,53.61,3
3189,62.81,7
3190,49.22,8
3191,52.34,7
3192,55.11,3
3193,50.03,9
3194,54.39,3
3195,47.56,5
3196,39.39,8
3197,46.85,7
3198,37.68,7
3199,50.56,5
3200,179.22,95
3201,192.34,69
3202,140.25,92
3203,184.28,70
3204,200.58,50
3205,197.99,95
3206,199.81,32
3207,168.45,70
3208,197.87,74
3209,172.08,87
3210,164.31,45
3211,162.56,56
3212,165.2,74
3213,211.36,5
3214,157.51,59
3215,208.47,26
3216,180.95,85
3217,167.83,70
3218,144.23,49
3219,163.82,79
3220,186.28,4
3221,182.21,72
3222,149.08,78
3223,171.83,50
3224,212.8,51
3225,185.3,49
3226,170.11,49
3227,175.82,80
3228,234.52,88
3229,164.03,86
3230,200.77,79
3231,168.47,56
3232,184.79,89
3233,158.61,71
3234,192.11,68
3235,176.49,82
3236,190.97,76
3237,175.93,53
3238,157.99,44
3239,197.56,57
3240,140.32,56
3241,162.56,23
3242,181.12,58
3243,197.26,76
3244,156.85,58
3245,164.13,99
3246,187.37,86
3247,174.32,28
3248,145.21,96
3249,178.05,29
3250,183.7,74
3251,121.07,57
3252,171.16,51
3253,148.0,66
3254,162.93,75
3255,163.17,91
3256,184.96,65
3257,178.28,71
3258,190.13,52
3259,167.55,70
3260,176.01,70
3261,157.02,21
3262,173.72,84
3263,224.47,52
3264,219.46,75
3265,156.79,46
3266,193.01,43
3267,191.2,70
3268,183.98,61
3269,181.04,58
3270,192.37,99
3271,185.03,41
3272,202.94,80
3273,178.47,99
3274,213.93,47
3275,188.36,63
3276,164.08,71
3277,173.91,75
3278,175.29,34
3279,208.65,45
3280,212.49,25
3281,183.78,56
3282,162.3,74
3283,164.83,53
3284,172.53,76
3285,179.26,79
3286,187.12,99
3287,191.47,93
3288,202.02,38
3289,188.06,75
3290,201.54,90
3291,165.23,57
3292,183.92,29
3293,166.22,77
3294,167.75,41
3295,219.54,39
3296,209.43,64
3297,145.28,91
3298,185.5,67
3299,168.77,55
3300,174.41,36
3301,169.45,67
3302,159.2,46
3303,184.76,56
3304,228.21,61
3305,151.81,67
3306,158.47,100
3307,186.03,65
3308,169.85,99
3309,154.52,51
3310,198.3,99
3311,149.71,78
3312,182.53,99
3313,204.62,38
3314,224.94,27
3315,177.2,87
3316,182.4,83
3317,189.88,97
3318,214.17,73
3319,159.8,58
3320,150.8,8
3321,149.55,7
3322,154.72,19
3323,188.1,15
3324,151.59,4
3325,209.27,11
3326,184.26,7
3327,184.77,15
3328,168.27,14
3329,178.52,17
3330,190.16,12
3331,176.3,18
3332,195.01,10
3333,176.1,5
3334,186.4,19
3335,158.63,13
3336,190.1,6
3337,198.1,3
3338,165.93,1
3339,162.35,13
3340,203.98,11
3341,177.21,16
3342,192.25,12
3343,164.47,7
3344,210.88,12
3345,171.76,12
3346,180.06,8
3347,166.36,1
3348,203.85,12
3349,200.37,1
3350,149.51,10
3351,180.26,15
3352,203.91,12
3353,203.13,11
3354,139.35,6
3355,158.88,20
3356,194.37,15
3357,170.38,16
3358,179.61,15
3359,221.45,3
3360,181.05,4
3361,179.97,0
3362,192.78,7
3363,174.71,9
3364,168.64,5
3365,156.17,17
3366,186.51,15
3367,173.21,14
3368,166.02,12
3369,159.14,8
3370,207.13,13
3371,183.67,14
3372,171.29,14
3373,200.64,10
3374,179.25,12
3375,177.43,10
3376,180.8,9
3377,166.45,17
3378,156.41,10
3379,172.5,5
3380,158.02,8
3381,179.76,8
3382,163.26,13
3383,177.75,12
3384,184.44,5
3385,187.98,15
3386,146.8,18
3387,196.9,1
3388,171.24,1
3389,220.23,2
3390,200.41,7
3391,207.52,10
3392,183.1,14
3393,175.04,10
3394,173.26,19
3395,159.7,11
3396,175.37,18
3397,198.44,3
3398,168.76,5
3399,165.87,3
3400,145.73,9
3401,179.68,0
3402,184.94,11
3403,227.52,7
3404,149.36,9
3405,182.32,15
3406,200.6,18
3407,183.21,13
3408,195.43,9
3409,185.17,4
3410,179.33,5
3411,196.17,12
3412,183.14,9
3413,156.71,17
3414,174.79,10
3415,174.48,4
3416,220.39,7
3417,189.07,4
3418,152.64,16
3419,185.33,8
3420,176.88,7
3421,171.65,15
3422,166.33,8
3423,163.94,0
3424,192.77,14
3425,206.13,9
3426,173.2,16
3427,171.41,12
3428,202.04,7
3429,168.84,7
3430,178.48,7
3431,188.51,13
3432,187.13,19
3433,192.89,15
3434,163.5,9
3435,174.78,14
3436,182.67,9
3437,193.88,9
3438,147.55,12
3439,182.63,12
3440,169.78,15
3441,225.68,2
3442,206.08,15
3443,154.75,13
3444,165.07,8
3445,197.07,14
3446,183.97,11
3447,165.07,4
3448,213.82,7
3449,155.84,13
3450,188.57,9
3451,199.02,9
3452,189.61,16
3453,178.34,9
3454,187.46,7
3455,193.3,7
3456,169.02,4
3457,165.71,6
3458,169.48,1
3459,174.91,12
3460,171.99,13
3461,179.52,8
3462,172.02,14
3463,161.32,9
3464,164.26,11
3465,206.47,21
3466,158.71,9
3467,207.08,4
3468,177.63,7
3469,193.4,12
3470,190.06,19
3471,171.15,5
3472,198.13,16
3473,160.23,4
3474,167.46,14
3475,195.66,4
3476,175.16,13
3477,194.29,10
3478,188.86,6
3479,182.61,10
3480,180.45,4
3481,191.98,10
3482,184.19,14
3483,211.8,9
3484,199.29,21
3485,201.79,1
3486,187.37,14
3487,215.94,8
3488,182.43,9
3489,210.69,2
3490,212.54,13
3491,205.43,7
3492,185.52,16
3493,188.19,3
3494,179.74,11
3495,217.21,8
3496,170.23,13
3497,180.18,11
3498,191.03,1
3499,199.33,9
3500,206.15,14
3501,170.85,16
3502,137.67,4
3503,197.27,14
3504,148.83,1
3505,181.67,8
3506,166.1,18
3507,185.73,3
3508,184.66,8
3509,175.8,7
3510,189.2,4
3511,205.78,9
3512,156.87,16
3513,185.54,8
3514,186.14,11
3515,183.3,16
3516,190.39,13
3517,166.15,11
3518,162.71,10
3519,189.62,8
3520,212.42,7
3521,186.3,9
3522,152.55,17
3523,174.29,10
3524,146.35,16
3525,134.81,20
3526,191.22,8
3527,187.7,17
3528,219.29,17
3529,206.59,10
3530,218.79,8
3531,171.7,14
3532,168.33,10
3533,160.71,11
3534,217.76,4
3535,140.49,7
3536,170.73,11
3537,196.13,17
3538,170.58,22
3539,160.52,19
3540,181.77,18
3541,195.7,12
3542,159.86,9
3543,162.96,22
3544,177.53,4
3545,179.4,2
3546,156.38,6
3547,196.12,8
3548,204.96,7
3549,184.1,19
3550,186.88,9
3551,193.86,6
3552,171.51,8
3553,169.25,9
3554,155.86,6
3555,176.54,3
3556,168.36,13
3557,149.91,5
3558,189.38,6
3559,194.15,12
3560,186.47,10
3561,185.5,13
3562,186.69,15
3563,179.23,6
3564,158.05,8
3565,189.13,6
3566,181.82,6
3567,150.31,14
3568,177.95,8
3569,160.49,6
3570,184.62,6
3571,197.02,8
3572,184.32,11
3573,195.47,14
3574,191.27,8
3575,208.19,17
3576,178.37,6
3577,169.24,4
3578,166.62,14
3579,189.78,17
3580,145.39,15
3581,164.47,10
3582,163.39,6
3583,159.11,15
3584,169.56,17
3585,188.25,18
3586,184.12,7
3587,199.37,7
3588,175.81,8
3589,175.06,9
3590,190.85,9
3591,188.89,1
3592,192.77,14
3593,179.24,7
3594,170.86,7
3595,171.29,19
3596,168.9,5
3597,161.76,5
3598,169.54,12
3599,173.72,10
3600,180.98,8
3601,181.89,17
3602,172.85,13
3603,244.79,9
3604,176.79,8
3605,148.44,7
3606,216.66,9
3607,161.14,10
3608,183.38,3
3609,175.29,11
3610,167.02,10
3611,234.09,7
3612,168.98,14
3613,242.37,15
3614,160.78,11
3615,190.56,11
3616,195.33,14
3617,196.23,4
3618,209.76,15
3619,172.78,5
3620,201.99,15
3621,162.56,13
3622,191.81,7
3623,170.72,1
3624,189.45,21
3625,189.77,16
3626,201.69,14
3627,191.59,12
3628,154.93,14
3629,149.19,16
3630,165.07,12
3631,156.57,7
3632,162.34,9
3633,177.82,12
3634,205.07,15
3635,155.83,10
3636,181.53,13
3637,195.87,3
3638,170.3,6
3639,167.89,15
3640,187.17,7
3641,153.81,18
3642,164.53,7
3643,174.81,13
3644,152.1,10
3645,157.26,18
3646,203.03,10
3647,172.78,8
3648,164.95,11
3649,182.99,5
3650,170.9,0
3651,150.57,15
3652,187.45,4
3653,135.98,14
3654,187.55,5
3655,241.71,22
3656,168.04,12
3657,156.01,14
3658,189.75,9
3659,178.42,3
3660,211.26,6
3661,171.7,12
3662,145.07,6
3663,194.55,6
3664,157.26,10
3665,153.34,9
3666,193.78,6
3667,200.72,20
3668,193.21,14
3669,176.23,16
3670,172.11,12
3671,193.31,8
3672,174.3,12
3673,164.4,10
3674,162.68,5
3675,173.55,3
3676,172.15,8
3677,202.84,17
3678,197.95,10
3679,167.21,5
3680,136.52,13
3681,199.92,0
3682,152.09,24
3683,170.87,15
3684,137.16,16
3685,164.38,8
3686,212.41,12
3687,163.36,15
3688,158.31,4
3689,162.26,14
3690,211.99,6
3691,160.26,20
3692,228.96,13
3693,182.69,11
3694,162.8,11
3695,193.58,16
3696,161.26,10
3697,201.12,19
3698,181.35,13
3699,168.64,9
3700,175.58,9
3701,160.2,9
3702,192.22,6
3703,197.6,10
3704,189.82,7
3705,205.8,13
3706,193.33,12
3707,132.03,15
3708,190.33,14
3709,173.9,11
3710,179.11,6
3711,209.64,7
3712,161.9,15
3713,166.62,9
3714,161.64,10
3715,162.9,10
3716,178.88,10
3717,171.97,12
3718,179.56,17
3719,188.59,16
3720,151.09,13
3721,194.87,8
3722,200.21,5
3723,196.39,6
3724,193.05,11
3725,183.61,6
3726,166.8,8
3727,190.45,14
3728,184.29,7
3729,197.44,15
3730,170.72,7
3731,168.56,5
3732,168.22,9
3733,165.22,16
3734,143.37,10
3735,224.24,16
3736,173.49,8
3737,190.04,16
3738,178.39,11
3739,194.68,2
3740,170.72,1
3741,181.64,17
3742,207.34,9
3743,189.85,9
3744,142.83,5
3745,168.14,1
3746,161.94,9
3747,151.65,1
3748,177.29,10
3749,173.02,3
3750,182.6,10
3751,208.78,11
3752,160.5,14
3753,170.45,1
3754,164.37,7
3755,180.1,14
3756,192.31,12
3757,167.88,6
3758,231.57,13
3759,189.68,10
3760,192.61,10
3761,218.21,11
3762,168.88,14
3763,150.0,8
3764,178.17,10
3765,190.84,1
3766,211.34,15
3767,161.98,9
3768,208.42,7
3769,185.7,17
3770,165.15,9
3771,166.68,14
3772,213.12,3
3773,217.91,3
3774,159.47,22
3775,176.44,5
3776,173.35,6
3777,194.1,4
3778,176.01,16
3779,193.08,9
3780,180.84,21
3781,191.52,9
3782,141.96,15
3783,154.33,3
3784,185.15,10
3785,185.38,7
3786,208.96,18
3787,176.97,4
3788,162.58,1
3789,184.14,9
3790,154.74,1
3791,180.91,11
3792,184.74,1
3793,186.24,4
3794,181.3,11
3795,180.36,13
3796,163.72,6
3797,177.04,6
3798,154.59,19
3799,196.37,17
3800,219.84,15
3801,189.97,3
3802,168.09,5
3803,190.94,20
3804,192.12,16
3805,218.67,1
3806,188.26,14
3807,200.32,9
3808,188.22,12
3809,207.01,18
3810,173.38,11
3811,161.51,5
3812,169.75,5
3813,169.66,11
3814,150.46,14
3815,176.96,23
3816,200.62,8
3817,197.08,14
3818,196.95,11
3819,116.58,4
3820,174.58,5
3821,187.16,11
3822,184.46,4
3823,170.72,15
3824,168.24,10
3825,187.67,17
3826,218.58,9
3827,155.02,9
3828,153.84,9
3829,180.65,16
3830,168.76,7
3831,153.5,1
3832,159.53,15
3833,207.44,13
3834,229.3,15
3835,180.6,13
3836,165.09,4
3837,205.4,11
3838,171.19,10
3839,188.24,3
3840,189.25,7
3841,160.94,13
3842,185.58,3
3843,171.79,6
3844,179.7,9
3845,193.68,8
3846,195.95,4
3847,169.72,6
3848,207.05,13
3849,205.62,11
3850,166.64,11
3851,168.34,9
3852,185.5,13
3853,191.31,7
3854,140.59,3
3855,188.61,9
3856,167.46,11
3857,186.26,4
3858,188.34,18
3859,157.73,12
3860,175.69,16
3861,134.54,10
3862,190.28,10
3863,168.01,3
3864,188.49,11
3865,164.43,12
3866,186.42,14
3867,201.97,17
3868,201.38,1
3869,196.34,9
3870,171.64,16
3871,183.96,6
3872,192.31,8
3873,180.63,12
3874,194.13,11
3875,175.76,5
3876,163.89,8
3877,164.29,12
3878,170.9,15
3879,166.87,15
3880,164.77,6
3881,184.45,12
3882,191.82,7
3883,183.61,14
3884,171.42,4
3885,186.55,8
3886,200.37,6
3887,166.72,9
3888,192.38,10
3889,151.88,4
3890,196.56,1
3891,172.43,11
3892,169.64,9
3893,177.33,1
3894,156.76,15
3895,165.76,5
3896,176.43,11
3897,159.11,16
3898,186.67,15
3899,169.32,10
3900,177.78,11
3901,180.73,1
3902,202.18,1
3903,159.31,10
3904,166.8,10
3905,177.09,7
3906,170.6,3
3907,190.14,13
3908,201.05,9
3909,174.91,14
3910,168.01,15
3911,152.99,6
3912,145.17,15
3913,174.44,9
3914,181.52,14
3915,185.27,9
3916,176.37,11
3917,159.92,15
3918,150.21,1
3919,152.6,15
3920,197.71,9
3921,174.78,4
3922,156.2,4
3923,174.5,6
3924,210.4,10
3925,200.05,9
3926,164.96,5
3927,176.5,11
3928,192.86,21
3929,188.22,8
3930,178.57,17
3931,203.38,8
3932,192.32,14
3933,176.15,9
3934,156.61,20
3935,176.51,14
3936,190.66,7
3937,154.62,5
3938,162.97,15
3939,207.96,7
3940,176.65,11
3941,164.56,0
3942,203.41,7
3943,182.19,15
3944,201.68,16
3945,135.38,8
3946,153.45,1
3947,182.71,11
3948,177.44,4
3949,208.52,5
3950,175.58,11
3951,161.6,6
3952,168.09,12
3953,168.77,10
3954,158.86,14
3955,182.16,6
3956,199.42,8
3957,172.99,10
3958,182.44,10
3959,166.96,8
3960,153.58,12
3961,185.68,18
3962,214.8,20
3963,185.39,20
3964,169.35,19
3965,181.75,10
3966,159.89,17
3967,196.52,12
3968,169.65,14
3969,192.21,8
3970,180.29,20
3971,222.08,11
3972,165.1,13
3973,212.75,9
3974,170.64,13
3975,196.2,14
3976,189.99,12
3977,208.96,10
3978,219.39,1
3979,188.25,10
3980,187.13,12
3981,187.28,8
3982,192.74,13
3983,211.2,8
3984,189.88,9
3985,165.58,6
3986,191.88,7
3987,194.22,12
3988,167.22,2
3989,185.37,14
3990,203.8,22
3991,167.05,10
3992,177.48,19
3993,170.22,16
3994,209.76,18
3995,160.04,10
3996,176.17,5
3997,170.91,12
3998,176.14,5
3999,168.03,9
